id,title,year
73,A Monster Calls,2016
19,Lion,2016
38,Doctor Strange,2016
_design/f2e6f01a9d833e6d7edf525aeb2a6dccd91456f8,,
23,Hounds of Love,2016
29,Bad Moms,2016
37,Interstellar,2014
30,Assassin's Creed,2016
59,Their Finest,2016
26,Paris pieds nus,2016
43,Don't Fuck in the Woods,2016
70,Deepwater Horizon,2016
80,Ghostbusters,2016
81,Inception,2010
1,Guardians of the Galaxy,2014
78,Inglourious Basterds,2009
96,The Nice Guys,2016
41,Sausage Party,2016
54,John Wick,2014
27,Bahubali: The Beginning,2015
21,Gold,2016
66,Kingsman: The Secret Service,2014
95,Avengers: Age of Ultron,2015
9,The Lost City of Z,2016
91,Prisoners,2013
_design/794d3a1331c7f3304fb7715d2e2b21095f9e1be9,,
36,Captain America: Civil War,2016
35,Res_ident Evil: The Final Chapter,2016
18,Jason Bourne,2016
74,Collateral Beauty,2016
98,The Vo_id,2016
60,Sully,2016
14,Moana,2016
63,The Girl on the Train,2016
83,The Wolf of Wall Street,2013
92,Warcraft,2016
99,Personal Shopper,2016
61,Batman v Superman: Dawn of Justice,2016
87,Live by Night,2016
93,The Help,2007
4,Sing,2016
64,Fifty Shades of Grey,2015
46,Pirates of the Caribbean: On Stranger T_ides,2007
55,The Dark Knight,2008
72,Allied,2016
16,The Secret Life of Pets,2016
52,Underworld: Blood Wars,2016
47,Miss Sloane,2016
32,Top Dog,1978
75,Zootopia,2016
24,Trolls,2016
76,Pirates of the Caribbean: At World's End,2016
34,Deadpool,2016
84,Gone Girl,2014
31,Why Him?,2016
28,Dead Awake,2016
68,Mad Max: Fury Road,2015
89,The Hateful Eight,2015
25,Independence Day: Resurgence,2016
7,La La Land,2016
90,The Accountant,2016
51,Star Wars: Episode VII - The Force Awakens,2015
44,The Founder,2016
94,War Dogs,2016
8,Mindhorn,2016
20,Arrival,2016
86,Jurassic World,2015
77,The Avengers,2012
58,Me Before You,2016
49,Star Trek Beyond,2016
85,Furious Seven,2015
45,Lowr_iders,2016
56,Silence,2016
3,Split,2016
67,Patriots Day,2016
33,X-Men: Apocalypse,2016
88,Avatar,2009
48,Fallen,2016
65,The Prestige,2006
6,The Great Wall,2016
11,Fantastic Beasts and Where to Find Them,2016
100,The Departed,2006
57,Don't Breathe,2016
42,Moonlight,2016
17,Hacksaw R_idge,2016
82,Captain Fantastic,2016
_design/e654aff2816dc36cee9c1c00041203ac74282421,,
40,5- 25- 77,2016
69,Wakefield,2016
5,Suic_ide Squad,2016
62,The Autopsy of Jane Doe,2016
15,Colossal,2016
10,Passengers,2016
97,Kimi no na wa,2016
50,The Last Face,2016
2,Prometheus,2012
22,Manchester by the Sea,2016
12,H_idden Figures,2016
79,Pirates of the Caribbean: Dead Man's Chest,2006
13,Rogue One,2016
53,Mother's Day,2016
39,The Magnificent Seven,2016
71,The Promise,2016
